,City,Purchase Power,Health Care,Pollution,Quality of Life,Crime Rating,lat,lng,Country,Happiness_Score,Unesco,QoL_H
0,Caracas,5.697905697905698,31.42552908292294,90.29430859121402,3.7830446672743845,100.0,10.480593699999998,-66.90360629999999,Venezuela,28.474655454333092,9.090909090909092,16.12885006080374
1,Barcelona,45.98104598104597,50.099826966591245,77.63471110149318,47.73245214220602,40.90058792089791,36.088105600000006,-95.9241306,Venezuela,28.474655454333092,0.0,38.10355379826956
2,Valencia,49.994149994149986,68.20178357513643,38.130274832287384,67.91248860528715,20.283270978086584,28.521792200000004,-81.46357669999998,Venezuela,28.474655454333092,0.0,48.19357202981012
3,Johannesburg,55.70375570375571,52.10967656062825,51.27677991776671,52.38149498632635,97.6349545697488,-26.2041028,28.047305100000003,South Africa,28.825040878299447,0.0,40.6032679323129
4,Cape Town,63.15666315666315,67.66937308664981,82.21164250162303,83.68277119416592,76.42971672902192,-33.9248685,18.424055300000003,South Africa,28.825040878299447,18.181818181818183,56.253906036232685
5,Pretoria,47.22124722124722,66.92399840276853,75.8818437567626,63.9813126709207,76.42971672902192,-25.7478676,28.2292712,South Africa,28.825040878299447,0.0,46.403176774610074
6,Fortaleza,53.703053703053705,32.78317582856383,71.75935944600735,35.76800364630812,90.57990379476216,-3.7327144,-38.5269981,Brazil,65.68558747956084,0.0,50.72679556293448
7,Porto Alegre,14.847314847314848,40.17037135631572,93.22657433455961,30.287146763901557,87.65366114377338,-30.0346471,-51.2176584,Brazil,65.68558747956084,0.0,47.9863671217312
8,Belo Horizonte,18.006318006318008,48.48928523891921,64.62886821034408,35.2894257064722,53.62105825761625,-19.9166813,-43.934493100000005,Brazil,65.68558747956084,27.27272727272727,50.48750659301652
9,Colombo,16.146016146016148,72.10169040330095,36.34494698117291,24.373290793072016,52.29823623730625,6.927078599999999,79.861243,Brazil,65.68558747956084,18.181818181818183,45.02943913631643
10,Curitiba,33.45033345033345,50.84520165047252,36.34494698117291,60.8249772105743,47.31427044361304,-25.428954100000002,-49.267137,Brazil,65.68558747956084,0.0,63.25528234506757
11,Saint Louis,86.60348660348662,75.14974044988688,33.8995888335858,93.68732907930722,89.88508818813467,38.6270025,-90.1994042,Senegal,27.867320719458068,9.090909090909092,60.77732489938264
12,Mexico City,20.943020943020947,54.47890323439372,20.504219865829906,25.77484047402006,89.52431854623197,19.4326077,-99.133208,Mexico,72.57650081756597,63.63636363636363,49.17567064579302
13,Detroit,78.89317889317891,56.195927059763086,90.29430859121402,52.073837739288976,87.96098343132014,42.331427000000005,-83.0457538,United States,79.51413221209998,0.0,65.79398497569449
14,Las Vegas,86.67368667368666,60.81458804738453,64.62886821034408,62.91020966271651,79.78353821485835,36.169941200000004,-115.13982959999998,United States,79.51413221209998,0.0,71.21217093740825
15,Los Angeles,65.95296595296595,63.596432849727144,81.36766933564164,65.55378304466728,73.32977017637626,34.0522342,-118.24368490000002,United States,79.51413221209998,0.0,72.53395762838363
16,Houston,76.72867672867673,78.01144682550246,70.55832070980307,78.38422971741113,67.95831106360235,29.7604267,-95.36980279999999,United States,79.51413221209998,0.0,78.94918096475556
17,Dallas,81.66608166608168,65.43324903500599,90.77039601817788,85.76800364630812,65.5264564404062,32.7766642,-96.7969879,United States,79.51413221209998,0.0,82.64106792920404
18,Baltimore,84.70808470808471,68.21509383734859,84.37567626054967,87.40884229717412,64.12346338856226,39.2903848,-76.6121893,United States,79.51413221209998,0.0,83.46148725463705
19,Athens,23.013923013923016,33.64834287235459,29.690543172473493,28.80583409298086,62.30625334045965,37.9838096,23.7275388,United States,79.51413221209998,36.36363636363637,54.15998315254042
20,Atlanta,87.10658710658711,53.61373619060296,68.26444492534084,85.71103008204194,60.36878674505611,33.7489954,-84.3879824,United States,79.51413221209998,0.0,82.61258114707096
21,Orlando,75.68737568737569,73.44602688672968,76.55269422202986,87.7848678213309,59.0726884019241,28.5383355,-81.3792365,United States,79.51413221209998,0.0,83.64950001671545
22,Chicago,70.65637065637065,56.022893651004935,24.864747890067086,85.93892433910665,58.337787279529664,41.8781136,-87.62979820000001,United States,79.51413221209998,0.0,82.72652827560331
23,Birmingham,46.83514683514683,72.40782643418076,71.98658299069466,79.8883318140383,48.97113842864778,33.5185892,-86.8103567,United States,79.51413221209998,0.0,79.70123201306913
24,New York,57.540657540657534,40.67616132037802,12.995022722354468,64.5510483135825,48.73062533404596,40.7127753,-74.0059728,United States,79.51413221209998,9.090909090909092,72.03259026284124
25,Honolulu,61.02726102726103,48.1831492080394,32.76347111014932,84.65132178669099,44.46819882415821,21.3069444,-157.8583333,United States,79.51413221209998,0.0,82.08272699939548
26,Austin,73.52287352287352,70.25156395580994,31.20536680372214,92.5478577939836,42.27685729556387,30.267153000000004,-97.7430608,United States,79.51413221209998,0.0,86.0309950030418
27,New Orleans,70.12987012987011,59.89617995474511,15.970569140878595,86.49726526891523,41.862640299305184,29.95106579999999,-90.0715323,United States,79.51413221209998,0.0,83.0056987405076
28,Seattle,84.33368433368433,72.71396246506056,35.59835533434321,89.80173199635368,41.64885088188135,47.6062095,-122.33207079999998,United States,79.51413221209998,9.090909090909092,84.65793210422683
29,Boston,61.8930618930619,76.1480101157993,66.83618264444927,88.33181403828624,39.858364510956704,42.360082500000004,-71.0588801,United States,79.51413221209998,0.0,83.92297312519311
30,Charlotte,82.83608283608285,68.21509383734859,72.54923176801557,90.13217866909754,25.855157669695352,35.2270869,-80.8431267,United States,79.51413221209998,0.0,84.82315544059875
31,Indianapolis,86.97788697788698,21.07014508185811,88.81194546634927,81.85961713764813,25.855157669695352,39.768403,-86.158068,United States,79.51413221209998,0.0,80.68687467487405
32,Newark,91.27179127179129,78.38413416744311,67.23652888985067,77.39288969917958,25.855157669695352,40.735657,-74.1723667,United States,79.51413221209998,9.090909090909092,78.45351095563979
33,Vancouver,48.76564876564877,83.72154931452151,19.995671932482146,75.88878760255243,25.614644575093532,49.282729100000005,-123.1207375,United States,79.51413221209998,0.0,77.70145990732621
34,Nashville,86.48648648648648,52.53560495141755,0.0,85.6996353691887,19.561731694281136,36.1626638,-86.78160159999999,United States,79.51413221209998,0.0,82.60688379064433
35,Cambridge,56.6046566046566,80.72674031678424,61.869725167712616,74.43026435733819,17.851416354890432,42.373615799999996,-71.10973349999998,United States,79.51413221209998,0.0,76.97219828471908
36,Noida,60.25506025506026,47.264741115399985,96.40770396018176,42.62762078395625,85.70283270978086,28.535516100000002,77.3910265,India,12.310207895351546,27.27272727272727,27.4689143396539
37,Gurgaon,35.91903591903592,75.00332756555306,30.05842891149102,42.70738377392891,73.02244788882952,28.459496500000004,77.02663829999999,India,12.310207895351546,27.27272727272727,27.508795834640228
38,Delhi,32.77173277173277,72.08838014108878,79.01969270720623,42.342752962625354,55.71886691608765,28.7040592,77.10249019999998,India,12.310207895351546,27.27272727272727,27.32648042898845
39,Bangalore,37.77933777933778,64.6213230400639,87.57844622376109,53.35004557885142,53.674505611972215,12.9715987,77.5945627,India,12.310207895351546,0.0,32.83012673710148
40,Kolkata,26.231426231426237,13.9225342739252,78.54360528024237,23.188240656335466,43.385889898450024,22.572646,88.36389500000001,India,12.310207895351546,9.090909090909092,17.749224275843506
41,Pune,36.94863694863695,60.9476906695062,85.73901752867344,43.92661804922517,40.766969535008016,18.5204303,73.85674370000001,India,12.310207895351546,0.0,28.118412972288358
42,Hyderabad,39.25353925353925,57.31398908558499,97.07855442544904,56.60893345487694,34.79422768572956,17.385044,78.486671,India,12.310207895351546,0.0,34.45957067511424
43,Mumbai,26.266526266526263,50.019965393318245,76.27136983336939,24.088422971741117,31.761090326028864,19.0759837,72.87765590000001,India,12.310207895351546,27.27272727272727,18.19931543354633
44,Chennai,31.040131040131037,62.10568348196459,84.47305777970135,43.98359161349135,29.877071084981292,13.0826802,80.2707184,India,12.310207895351546,9.090909090909092,28.146899754421447
45,Vadodara,35.088335088335086,75.92173565819247,100.0,56.62032816773017,28.2870122928915,22.307158800000003,73.1812187,India,12.310207895351546,9.090909090909092,34.46526803154086
46,Ahmedabad,31.95273195273195,54.35911087448424,73.80437134819302,58.933454876937105,9.780865847140568,23.022505,72.57136209999999,India,12.310207895351546,9.090909090909092,35.62183138614432
47,Indore,34.40973440973441,13.989085584986027,64.29344297771046,49.270738377392895,8.110636023516836,22.7195687,75.8577258,India,12.310207895351546,0.0,30.79047313637222
48,Kochi,26.442026442026446,65.75269532809797,77.66717160787708,45.396536007292625,8.110636023516836,9.9312328,76.26730409999998,India,12.310207895351546,0.0,28.853371951322085
49,Karachi,9.652509652509652,40.915746040197,75.34083531703094,15.05241567912489,84.84767504008552,24.8607343,67.0011364,Pakistan,50.57229619247837,9.090909090909092,32.81235593580163
50,Lahore,7.101907101907101,37.415147078397446,33.055615667604414,26.469917958067462,54.94388027792624,31.5203696,74.35874729999998,Pakistan,50.57229619247837,9.090909090909092,38.521107075272916
51,Hyderabad,39.25353925353925,57.31398908558499,97.07855442544904,56.60893345487694,34.79422768572956,17.385044,78.486671,Pakistan,50.57229619247837,0.0,53.590614823677654
52,Rotterdam,52.08845208845209,56.47544256621856,22.029863665873187,71.19416590701914,84.72741849278461,51.9244201,4.4777325999999995,Netherlands,93.43611305769677,72.72727272727273,82.31513948235795
53,The Hague,72.42307242307243,61.10741381605218,40.26184808483012,85.11850501367365,25.253874933190808,52.07049779999999,4.300699900000001,Netherlands,93.43611305769677,63.63636363636363,89.27730903568522
54,Amsterdam,47.73604773604773,62.864368428058036,57.80134170093053,76.98268003646308,25.253874933190808,52.3675734,4.9041389,Netherlands,93.43611305769677,72.72727272727273,85.20939654707993
55,Utrecht,50.88335088335087,66.64448289631308,19.768448387794848,76.70920692798542,25.253874933190808,52.09073739999999,5.121420099999999,Netherlands,93.43611305769677,72.72727272727273,85.0726599928411
56,Nairobi,11.044811044811047,53.91987222148278,42.371780999783596,10.335004557885142,81.53393907001603,-1.2920658999999999,36.821946200000006,Kenya,23.849567857977092,0.0,17.092286207931117
57,Kuala Lumpur,35.930735930735935,47.09170770664183,75.36247565462023,42.28577939835916,77.56547300908603,3.1390029999999998,101.68685500000001,Malaysia,43.23756131744918,0.0,42.761670357904165
58,Manila,9.851409851409853,79.50219619326502,70.56914087859771,8.944849589790339,74.15820416889363,14.599512400000002,120.98421950000001,Philippines,50.058397570661064,9.090909090909092,29.5016235802257
59,Valencia,49.994149994149986,68.20178357513643,38.130274832287384,67.91248860528715,20.283270978086584,28.521792200000004,-81.46357669999998,Philippines,50.058397570661064,0.0,58.985443087974105
60,Lima,19.702819702819703,43.75083189138827,63.287167279809566,19.804010938924343,72.75521111704971,-12.0463731,-77.042754,Peru,51.60009343611305,9.090909090909092,35.702052187518696
61,Rome,30.817830817830817,54.31918008784774,21.46721488855226,24.510027347310853,68.78674505611973,41.902783500000005,12.4963655,Italy,63.88694230320018,45.45454545454545,44.19848482525552
62,Naples,33.930033930033936,27.738586450153075,12.995022722354468,42.87830446672744,61.21058257616247,40.87613410000001,14.5198315,Italy,63.88694230320018,45.45454545454545,53.38262338496381
63,Milan,43.348543348543345,67.25675495807269,23.90175286734473,40.46262534184139,60.58257616247996,45.464203499999996,9.189982,Italy,63.88694230320018,54.54545454545454,52.17478382252078
64,Florence,33.848133848133855,61.5998935179023,31.854576931400132,55.195989061075664,38.37520042757883,43.769560399999996,11.2558136,Italy,63.88694230320018,72.72727272727273,59.541465682137925
65,Venice,45.99274599274599,69.00039930786637,12.421553776238909,74.12260711030082,14.190272581507216,45.440847399999996,12.315515099999999,Italy,63.88694230320018,54.54545454545454,69.0047747067505
66,Santo Domingo,26.25482625482626,55.46386263809397,20.11469378922311,41.69325432999089,68.58631747728487,18.4860575,-69.93121169999999,Dominican Republic,45.24643774818966,9.090909090909092,43.46984603909028
67,Lagos,9.980109980109981,54.85159057633437,28.8141095001082,16.16909753874203,66.24799572421165,6.5243793,3.3792057,Nigeria,41.50899322588179,0.0,28.83904538231191
68,Glasgow,91.98549198549199,92.79914814321842,0.0,85.12989972652689,65.6600748262961,55.864237,-4.251806,United Kingdom,83.29829479093667,27.27272727272727,84.21409725873178
69,London,54.74435474435474,64.82097697324637,62.70287816489938,48.54147675478578,52.48530197755211,51.5073509,-0.12775830000000002,United Kingdom,83.29829479093667,54.54545454545454,65.91988577286122
70,Birmingham,46.83514683514683,72.40782643418076,71.98658299069466,79.8883318140383,48.97113842864778,33.5185892,-86.8103567,United Kingdom,83.29829479093667,0.0,81.59331330248747
71,Nottingham,55.21235521235521,78.26434180753361,26.55269422202986,80.43527803099362,44.78888295029396,52.95478319999999,-1.1581086,United Kingdom,83.29829479093667,27.27272727272727,81.86678641096515
72,Bristol,39.054639054639054,90.58964461599895,39.19065137416143,71.35369188696446,42.557455905932656,36.5951059,-82.18874439999998,United Kingdom,83.29829479093667,0.0,77.32599333895055
73,Belfast,54.31145431145431,16.637827765206975,31.638173555507464,85.75660893345488,30.999465526456444,54.59728500000001,-5.93012,United Kingdom,83.29829479093667,9.090909090909092,84.52745186219578
74,Brighton,51.69065169065169,49.91348329562093,54.37134819303181,65.32588878760257,29.74345269909139,36.063773700000006,-95.8818853,United Kingdom,83.29829479093667,0.0,74.31209178926962
75,Edinburgh,61.296361296361304,52.98815386663118,15.083315299718675,79.46672743846855,26.256012827365048,55.953252,-3.1882669999999997,United Kingdom,83.29829479093667,27.27272727272727,81.38251111470261
76,Leeds,67.27506727506729,80.72674031678424,19.995671932482146,82.91932543299909,24.11811865312667,53.8007554,-1.5490774,United Kingdom,83.29829479093667,36.36363636363637,83.10881011196787
77,Liverpool,55.458055458055455,82.5635565020631,59.88963427829474,88.70783956244303,23.83752004275788,32.6564981,-115.47632409999999,United Kingdom,83.29829479093667,0.0,86.00306717668985
78,Aberdeen,50.68445068445069,82.5635565020631,37.1239991343865,81.44940747493162,17.851416354890432,57.149717,-2.094278,United Kingdom,83.29829479093667,0.0,82.37385113293413
79,Leicester,76.63507663507664,52.98815386663118,19.519584505518285,80.78851412944394,17.851416354890432,52.63687779999999,-1.1397591999999999,United Kingdom,83.29829479093667,27.27272727272727,82.0434044601903
80,Oxford,51.42155142155141,60.388659656595244,12.421553776238909,76.11668185961715,17.851416354890432,51.7520209,-1.2577263,United Kingdom,83.29829479093667,63.63636363636363,79.7074883252769
81,Cambridge,56.6046566046566,80.72674031678424,61.869725167712616,74.43026435733819,17.851416354890432,42.373615799999996,-71.10973349999998,United Kingdom,83.29829479093667,0.0,78.86427957413743
82,Manchester,65.43816543816544,54.02635431918009,0.0,77.15360072926163,17.824692677712452,53.4807593,-2.2426305,United Kingdom,83.29829479093667,63.63636363636363,80.22594776009915
83,Buenos Aires,26.8047268047268,77.652069745774,51.13611772343648,39.30036463081131,64.93853554249065,-34.6036844,-58.381559100000004,Argentina,60.686755430974074,9.090909090909092,49.993560030892695
84,Dhaka,17.47981747981748,0.0,67.23652888985067,9.332269826800367,64.40406199893106,23.810332,90.4125181,Bangladesh,22.61153935996263,0.0,15.971904593381499
85,Athens,23.013923013923016,33.64834287235459,29.690543172473493,28.80583409298086,62.30625334045965,37.9838096,23.7275388,Greece,42.02289184769915,36.36363636363637,35.41436297034001
86,Thessaloniki,21.29402129402129,54.718487954212705,37.45942436702012,43.664539653600734,41.127739176910744,40.6400629,22.9444191,Greece,42.02289184769915,18.181818181818183,42.84371575064994
87,Saint Petersburg,21.574821574821577,33.9544789032344,84.37567626054967,23.564266180492254,61.598075895243184,59.931058400000005,30.360909600000003,Russia,50.45550105115626,9.090909090909092,37.00988361582426
88,Moscow,21.71522171522172,28.577132969519496,32.49296689028348,15.223336371923429,56.560662747194016,55.755826,37.6172999,Russia,50.45550105115626,36.36363636363637,32.83941871153984
89,Geneva,64.16286416286417,71.94196725675496,31.843756762605498,88.27484047402007,58.123997862105824,46.2043907,6.143157700000001,Switzerland,93.2492408315814,27.27272727272727,90.76204065280074
90,Lausanne,98.73639873639874,59.92280047916944,94.80631897857606,77.39288969917958,32.99037947621593,46.5196535,6.6322734,Switzerland,93.2492408315814,54.54545454545454,85.3210652653805
91,Basel,83.99438399438401,78.41075469186744,64.03375892663925,94.55332725615314,23.062533404596476,47.5595986,7.5885761,Switzerland,93.2492408315814,27.27272727272727,93.90128404386726
92,Kiev,14.625014625014627,20.830560362039133,72.88465700064921,21.376481312670926,57.896846606092986,50.4501,30.5234,Ukraine,19.715019855174017,9.090909090909092,20.54575058392247
93,Kharkiv,12.554112554112553,18.940503127911626,72.54923176801557,29.02233363719235,57.30892570817744,49.9935,36.230383,Ukraine,19.715019855174017,0.0,24.368676746183183
94,Tehran,13.7007137007137,30.813257021163317,94.80631897857606,10.300820419325433,57.856761090326025,35.6891975,51.3889736,Iran,24.76056996028965,9.090909090909092,17.530695189807542
95,Brussels,56.195156195156194,80.55370690802609,7.34689461155594,68.51640838650866,57.3623730625334,50.8503396,4.3517103,Belgium,80.23826208829709,100.0,74.37733523740287
96,Paris,47.61904761904761,83.18913882603488,64.03375892663925,53.93117593436646,57.30892570817744,48.856614,2.3522218999999995,France,72.50642373277272,45.45454545454545,63.21879983356959
97,Lyon,58.113958113958105,90.27019832290698,40.26184808483012,75.02278942570648,48.65045430251203,45.764043,4.835659,France,72.50642373277272,9.090909090909092,73.7646065792396
98,Nice,50.473850473850476,89.33847996805538,64.04457909543389,71.84366453965362,48.65045430251203,43.710172799999995,7.2619532000000016,France,72.50642373277272,0.0,72.17504413621316
99,Toulouse,56.26535626535626,80.10115799281247,39.20147154295607,69.92935278030994,48.65045430251203,43.604652,1.444209,France,72.50642373277272,27.27272727272727,71.21788825654133
100,Strasbourg,77.04457704457705,29.25595634233995,43.183293659381086,69.74703737465818,48.65045430251203,48.5734053,7.752111299999998,France,72.50642373277272,36.36363636363637,71.12673055371545
101,Marseille,59.28395928395928,75.46918674297885,27.688811945466345,62.192342752962624,48.65045430251203,43.296482,5.36978,France,72.50642373277272,27.27272727272727,67.34938324286767
102,Hanoi,6.832806832806834,0.0,25.990045444708937,0.0,54.716729021913416,21.0277644,105.8341598,Vietnam,39.40668068208362,18.181818181818183,19.70334034104181
103,Christchurch,47.64244764244764,83.89458272327965,24.020774724085694,81.25569735642661,54.03527525387493,-43.5319957,172.6396575,New Zealand,89.20812894183602,0.0,85.23191314913132
104,Auckland,49.88884988884989,67.90895780646878,32.49296689028348,70.29398359161351,52.80598610368787,-36.84830480000001,174.76248859999998,New Zealand,89.20812894183602,0.0,79.75105626672476
105,Hamilton,58.66385866385867,87.63476640489819,88.37913871456395,90.63354603463992,33.16408337787279,37.942609600000004,-96.19513200000002,New Zealand,89.20812894183602,0.0,89.92083748823796
106,Wellington,49.994149994149986,70.39797684014376,33.055615667604414,84.93618960802188,22.07375734901122,-41.2768778,174.7731458,New Zealand,89.20812894183602,0.0,87.07215927492895
107,Montevideo,17.760617760617762,51.763609743111935,34.32157541657649,44.82680036463082,52.51202565473009,-34.901112700000006,-56.16453139999999,Uruguay,65.52207428170985,0.0,55.17443732317034
108,London,54.74435474435474,64.82097697324637,62.70287816489938,48.54147675478578,52.48530197755211,51.5073509,-0.12775830000000002,Canada,88.5307171221677,54.54545454545454,68.53609693847675
109,Victoria,54.44015444015443,78.26434180753361,74.58342350140663,86.12123974475844,42.21004810261893,-37.471307700000004,144.7851531,Canada,88.5307171221677,9.090909090909092,87.32597843346306
110,Regina,63.67146367146367,52.45574337814456,90.96515905648127,85.10711030082042,41.020844468198824,50.4452112,-104.6188943,Canada,88.5307171221677,0.0,86.81891371149406
111,Hamilton,58.66385866385867,87.63476640489819,88.37913871456395,90.63354603463992,33.16408337787279,37.942609600000004,-96.19513200000002,Canada,88.5307171221677,0.0,89.58213157840382
112,Montreal,70.9137709137709,61.14734460268867,6.784245834235013,83.47766636280765,27.752538749331908,45.5016889,-73.567256,Canada,88.5307171221677,0.0,86.00419174248768
113,Edmonton,71.14777114777114,77.19952083056036,24.659164682969053,96.04603463992707,27.097808658471408,53.5461245,-113.49382290000001,Canada,88.5307171221677,0.0,92.28837588104739
114,Vancouver,48.76564876564877,83.72154931452151,19.995671932482146,75.88878760255243,25.614644575093532,49.282729100000005,-123.1207375,Canada,88.5307171221677,0.0,82.20975236236006
115,Calgary,67.29846729846729,72.54092905630242,25.459857173771912,93.75569735642661,24.94655264564404,51.04473309999999,-114.0718831,Canada,88.5307171221677,0.0,91.14320723929715
116,Toronto,64.42026442026442,60.26886729668575,9.684051071196711,81.73427529626252,22.1004810261892,43.653226000000004,-79.3831843,Canada,88.5307171221677,0.0,85.1324962092151
117,Cambridge,56.6046566046566,80.72674031678424,61.869725167712616,74.43026435733819,17.851416354890432,42.373615799999996,-71.10973349999998,Canada,88.5307171221677,0.0,81.48049073975295
118,Ottawa,100.0,60.14907493677626,36.30166630599437,92.09206927985414,15.219134152859434,45.42152960000001,-75.69719309999998,Canada,88.5307171221677,9.090909090909092,90.31139320101093
119,Perth,65.2041652041652,79.50219619326502,25.459857173771912,78.99954421148587,52.31159807589524,-31.950526899999996,115.8604572,Australia,87.36276570894648,0.0,83.18115496021618
120,Melbourne,57.44705744705744,74.3245041927326,32.76347111014932,72.58432087511395,50.62800641368253,-37.813627600000004,144.96305759999998,Australia,87.36276570894648,9.090909090909092,79.97354329203021
121,Brisbane,55.38785538785539,90.58964461599895,24.009954555291063,81.79124886052871,46.73971138428648,-27.469770699999998,153.0251235,Australia,87.36276570894648,0.0,84.57700728473759
122,Gold Coast,58.184158184158186,81.72500998269668,33.055615667604414,86.62260711030082,42.971672902191344,-28.016666999999998,153.4,Australia,87.36276570894648,0.0,86.99268640962364
123,Adelaide,76.81057681057682,47.14494875549049,12.995022722354468,98.27939835916136,40.70016034206307,-34.9284989,138.6007456,Australia,87.36276570894648,0.0,92.82108203405392
124,Canberra,66.54966654966654,94.59603354186079,12.421553776238909,100.0,39.41742383752004,-35.2809368,149.1300092,Australia,87.36276570894648,0.0,93.68138285447324
125,Darwin,50.462150462150454,72.4743777452416,7.336074442761308,83.44348222424794,29.315873864243713,37.0929586,-95.58283359999999,Australia,87.36276570894648,0.0,85.4031239665972
126,Sydney,56.67485667485668,67.13696259816318,19.995671932482146,78.65770282588878,29.315873864243713,-33.8688197,151.2092955,Australia,87.36276570894648,18.181818181818183,83.01023426741763
127,Gaborone,28.782028782028785,9.250632237455083,33.055615667604414,30.17319963536919,52.29823623730625,-24.6282079,25.9231471,Botswana,0.0,0.0,15.086599817684595
128,Colombo,16.146016146016148,72.10169040330095,36.34494698117291,24.373290793072016,52.29823623730625,6.927078599999999,79.861243,Sri Lanka,20.509226816164457,18.181818181818183,22.441258804618236
129,Cairo,6.458406458406459,47.45108478637029,93.22657433455961,13.628076572470377,50.708177445216464,30.0444196,31.235711600000005,Egypt,15.837421163279613,18.181818181818183,14.732748867874996
130,Quito,9.196209196209198,15.41328364168774,15.970569140878595,46.87784867821331,50.10689470871191,-0.1806532,-78.4678382,Ecuador,59.33193179163745,9.090909090909092,53.10489023492538
131,Dublin,51.187551187551186,27.00652202848396,33.04479549880978,68.34548769371013,50.040085515766975,53.34980529999999,-6.2603097000000005,Ireland,82.52744685821068,9.090909090909092,75.43646727596041
132,Cork,48.67204867204867,57.88633036070811,19.995671932482146,80.9936189608022,33.36451095670764,32.807190000000006,-96.7963929,Ireland,82.52744685821068,0.0,81.76053290950644
133,Jakarta,12.87001287001287,23.292958871289766,62.65959748972083,11.816317228805836,49.986638161411015,-6.2087634000000005,106.84559899999999,Indonesia,39.803784162578836,0.0,25.810050695692336
134,Sofia,19.480519480519483,40.72940236922668,28.8141095001082,36.95305378304467,49.97327632282202,42.69770820000001,23.3218675,Bulgaria,35.57580004671805,18.181818181818183,36.26442691488136
135,Varna,16.333216333216335,39.132170903766806,87.47024453581476,35.02734731084777,34.20630678781401,43.2140504,27.914733299999998,Bulgaria,35.57580004671805,18.181818181818183,35.301573678782916
136,Tirana,13.361413361413362,31.42552908292294,87.47024453581476,35.916134913400185,49.612506680919296,41.3275459,19.8186982,Albania,28.75496379350617,9.090909090909092,32.335549353453175
137,Beijing,19.41031941031941,50.67216824171437,61.869725167712616,23.245214220601646,49.10475681453767,39.90419989999999,116.4073963,China,39.7804251343144,36.36363636363637,31.512819677458022
138,Shanghai,23.82122382122382,77.02648742180223,66.80372213806535,30.047857793983596,7.549438802779266,31.230415999999998,121.473701,China,39.7804251343144,9.090909090909092,34.914141464149
139,Ulaanbaatar,10.494910494910494,29.588712897644093,60.452283055615666,21.88924339106655,48.115980758952425,47.88639879999999,106.9057439,Mongolia,41.97617379117028,0.0,31.932708591118416
140,Amman,17.362817362817363,72.59417010515108,66.6847002813244,39.06107566089335,47.94227685729556,31.9539494,35.910635,Jordan,33.12310207895352,90.9090909090909,36.09208886992344
141,Haifa,44.05054405054405,69.0270198322907,32.30902402077472,53.31586144029171,47.74184927846072,32.7940463,34.989571000000005,Israel,85.28381219341273,63.63636363636363,69.29983681685222
142,Jerusalem,36.08283608283608,77.95820577665381,69.72516771261631,51.93710118505014,47.74184927846072,31.768319,35.21371,Israel,85.28381219341273,90.9090909090909,68.61045668923143
143,Bogota,9.523809523809526,70.62425129775058,15.732525427396665,27.392889699179584,46.9802244788883,4.7109885999999985,-74.072092,Colombia,61.59775753328661,0.0,44.495323616233094
144,Antalya,19.34011934011934,51.53733528550512,33.055615667604414,40.13217866909754,44.98931052912881,36.8968908,30.7133233,Turkey,44.0317682784396,0.0,42.08197347376857
145,Alicante,44.82274482274482,72.91361639824305,30.50205583207098,76.61804922515952,44.29449492250133,38.345996299999996,-0.49068549999999994,Spain,66.94697500583975,9.090909090909092,71.78251211549963
146,Barcelona,45.98104598104597,50.099826966591245,77.63471110149318,47.73245214220602,40.90058792089791,36.088105600000006,-95.9241306,Spain,66.94697500583975,0.0,57.33971357402288
147,Madrid,55.7973557973558,70.11846133368829,60.34408136766933,62.192342752962624,38.05451630144308,40.4167754,-3.7037902000000003,Spain,66.94697500583975,54.54545454545454,64.56965887940119
148,Valencia,49.994149994149986,68.20178357513643,38.130274832287384,67.91248860528715,20.283270978086584,28.521792200000004,-81.46357669999998,Spain,66.94697500583975,0.0,67.42973180556345
149,Santiago,27.58862758862759,60.26886729668575,100.0,38.559708295350966,42.04970603955104,-33.4488897,-70.66926550000001,Chile,69.04928754963792,9.090909090909092,53.80449792249445
150,Helsinki,56.195156195156194,71.23652335951019,31.529971867561134,80.4010938924339,40.21913415285943,60.16985569999999,24.938379100000002,Finland,100.0,18.181818181818183,90.20054694621695
151,Lisbon,30.537030537030535,55.304139491547986,31.14044579095434,57.87374658158615,39.04329235702833,38.722252399999995,-9.1393366,Portugal,51.50665732305535,36.36363636363637,54.69020195232075
152,Porto,29.133029133029137,54.14614667908958,73.18762172689894,61.14402917046492,35.60929983965793,42.34820999999999,-71.080545,Portugal,51.50665732305535,0.0,56.325343246760134
153,Braga,27.88112788112788,65.06056169306535,15.732525427396665,73.63263445761167,9.70069481560663,41.5454486,-8.426506999999999,Portugal,51.50665732305535,36.36363636363637,62.56964589033351
154,Casablanca,7.979407979407979,43.75083189138827,68.13460289980523,49.45305378304467,36.63816141101016,43.037177899999996,-88.13519509999998,Morocco,40.1775286148096,0.0,44.81529119892714
155,Nicosia,38.2005382005382,68.16185278849994,6.784245834235013,59.58295350957157,36.557990379476216,35.1855659,33.38227639999999,Cyprus,59.75239430039711,18.181818181818183,59.66767390498434
156,Limassol,39.487539487539486,75.562358578464,28.933131356849163,79.23883318140382,17.22340994120791,34.7071301,33.0226174,Cyprus,59.75239430039711,27.27272727272727,69.49561374090047
157,Belgrade,17.643617643617645,42.19353121256489,83.40186106903268,34.63992707383774,36.22394441475147,44.786568,20.448921600000002,Serbia,49.40434477925717,0.0,42.022135926547456
158,Chiang Mai,11.126711126711129,86.6231864767736,33.055615667604414,36.70237010027348,35.970069481560664,18.788343899999997,98.9853008,Thailand,58.86475122634896,0.0,47.78356066331122
159,Bangkok,16.8948168948169,100.0,65.34299935078988,36.74794895168642,33.72528059861037,13.7563309,100.5017651,Thailand,58.86475122634896,9.090909090909092,47.806350089017684
160,Baku,5.850005850005851,10.475176360974313,53.52737502705042,13.571103008204194,34.51362907536076,40.40926169999999,49.8670924,Azerbaijan,40.1775286148096,18.181818181818183,26.874315811506897
161,Oslo,53.97215397215397,89.65792626114735,31.800476087426965,75.18231540565178,32.96365579903795,59.913868799999996,10.7522454,Norway,94.97780892314876,0.0,85.08006216440026
162,Stavanger,47.04574704574705,55.43724211366964,31.5191516987665,81.14175022789426,13.321753073222872,58.969975600000005,5.7331074,Norway,94.97780892314876,0.0,88.0597795755215
163,Trondheim,52.46285246285246,80.9796352988154,15.721705258602034,88.17228805834092,11.945483698556924,63.4305149,10.3950528,Norway,94.97780892314876,0.0,91.57504849074485
164,Bergen,52.48625248625248,85.34540130440571,19.909110582125077,89.41431175934366,7.763228220203103,40.926276200000004,-74.07701,Norway,94.97780892314876,9.090909090909092,92.19606034124621
165,Prague,33.85983385983386,57.6600559031013,44.93616100411166,61.03008204193255,31.640833778727952,50.0755381,14.4378005,Czech Republic,78.579771081523,27.27272727272727,69.80492656172778
166,Bratislava,26.8047268047268,51.763609743111935,33.055615667604414,57.98769371011851,31.42704436130412,48.148596500000004,17.1077478,Slovakia,63.30296659658956,45.45454545454545,60.64533015335404
167,Budapest,21.305721305721306,52.69532809796353,73.98831421770178,47.04876937101186,31.15980758952432,47.497912,19.040235,Hungary,53.02499416024291,27.27272727272727,50.036881765627385
168,Bucharest,19.26991926991927,41.55463862638094,80.68599870157973,27.529626253418414,30.130946018172093,44.43044889999999,26.0979342,Romania,60.313010978743286,27.27272727272727,43.92131861608085
169,Ljubljana,30.303030303030305,67.78916544655931,92.60982471326554,64.47128532360985,29.502939604489576,46.0569465,14.5057515,Slovenia,61.43424433543563,27.27272727272727,62.952764829522735
170,Copenhagen,50.25155025155025,85.59829628643685,33.04479549880978,79.69462169553327,28.768038482095136,55.676096799999996,12.568337199999998,Denmark,96.0523242233123,36.36363636363637,87.87347295942278
171,Riyadh,66.5028665028665,44.93544522827101,12.421553776238909,71.13719234275297,28.768038482095136,24.7135517,46.67529570000001,Saudi Arabia,67.43751459939266,9.090909090909092,69.2873534710728
172,Zagreb,23.786123786123788,42.52628776786903,90.29430859121402,48.199635369188705,28.634420096205236,45.815010799999996,15.981918900000002,Croatia,45.40995094604065,0.0,46.80479315761468
173,Warsaw,34.3863343863344,56.56861440170372,93.22657433455961,53.01959890610757,28.2870122928915,52.2296756,21.012228699999998,Poland,62.929222144358796,9.090909090909092,57.97441052523318
174,Vilnius,20.814320814320816,75.17636097431121,88.81194546634927,67.11485870556062,22.808658471405664,54.6871555,25.2796514,Lithuania,62.15837421163278,18.181818181818183,64.6366164585967
175,Vienna,52.45115245115245,78.57047783841342,24.226357931183724,81.95077484047401,22.167290219134152,48.208174299999996,16.3738189,Austria,87.78322821770614,54.54545454545454,84.86700152909007
176,Doha,88.42868842868843,62.864368428058036,90.29430859121402,85.4489516864175,21.79315873864244,25.2854473,51.53103979999999,Qatar,67.41415557112822,9.090909090909092,76.43155362877286
177,Cologne,61.77606177606177,62.62478370823905,74.0207747240857,88.34320875113947,21.672902191341525,50.937531,6.9602786,Germany,81.68652184069143,45.45454545454545,85.01486529591546
178,Hamburg,64.05756405756405,81.96459470251565,73.3391040900238,93.31130355515042,19.588455371459112,53.5510846,9.9936819,Germany,81.68652184069143,36.36363636363637,87.49891269792093
179,Berlin,72.93787293787294,59.430320777319324,17.36637091538628,97.85779398359162,17.797969000534472,52.52000659999999,13.404954,Germany,81.68652184069143,36.36363636363637,89.77215791214152
180,Stuttgart,69.54486954486954,79.26261147344603,18.275265094135467,96.98040109389244,17.504008551576696,48.7758459,9.1829321,Germany,81.68652184069143,27.27272727272727,89.33346146729193
181,Aachen,63.37896337896337,69.77239451617197,12.648777320926206,97.11713764813126,5.986103687867451,50.7753455,6.083886800000001,Germany,81.68652184069143,27.27272727272727,89.40182974441134
182,Dresden,89.17748917748918,76.48076667110344,18.275265094135467,96.76390154968094,5.986103687867451,51.0504088,13.737262099999999,Germany,81.68652184069143,18.181818181818183,89.22521169518618
183,Munich,66.57306657306657,89.97737255423934,46.61328716727981,96.61577028258887,5.986103687867451,48.1351253,11.581980499999998,Germany,81.68652184069143,18.181818181818183,89.15114606164015
184,Minsk,11.419211419211422,38.826034872887,72.37610906730146,52.83728350045579,21.325494388027792,53.9006011,27.558971999999997,Belarus,42.86381686521839,18.181818181818183,47.85055018283709
185,Addis Ababa,0.0,57.31398908558499,92.60982471326554,26.34457611668186,20.283270978086584,8.9806034,38.757760499999996,Ethiopia,18.64050455501052,9.090909090909092,22.49254033584619
186,Stockholm,52.24055224055224,82.08438706242514,15.072495130924041,83.51185050136736,19.722073757349012,59.329323499999994,18.068580800000003,Sweden,90.04905395935528,27.27272727272727,86.78045223036132
187,Gothenburg,24.066924066924066,63.103953147877014,100.0,75.45578851412945,19.722073757349012,57.70887,11.97456,Sweden,90.04905395935528,9.090909090909092,82.75242123674236
188,Seoul,56.06645606645606,72.10169040330095,92.60982471326554,62.65952597994532,14.01656867985035,37.566534999999995,126.9779692,South Korea,56.22518103246903,45.45454545454545,59.442353506207176
189,Singapore,31.30923130923131,50.56568614401704,19.995671932482146,42.570647219690066,12.15927311598076,1.352083,103.819836,Singapore,64.79794440551274,9.090909090909092,53.684295812601405
190,Manama,39.63963963963963,68.40143750831892,18.459207963644232,66.7274384685506,11.932121859967932,26.2235305,50.5875935,Bahrain,63.32632562485399,36.36363636363637,65.0268820467023
191,Dubai,74.01427401427402,62.4916810861174,33.33694005626487,91.00957155879672,11.357562800641368,25.204849300000003,55.2707828,United Arab Emirates,77.94907731838356,0.0,84.47932443859014
192,Abu Dhabi,72.13057213057213,36.19060295487822,57.80134170093053,86.04147675478578,0.0,24.453884,54.3773438,United Arab Emirates,77.94907731838356,0.0,81.99527703658467
193,Luxembourg,81.97028197028197,51.763609743111935,61.858904998917986,86.73655423883318,10.542490646712988,49.815273,6.1295829999999984,Luxembourg,84.13921980845596,27.27272727272727,85.43788702364458
194,Hong Kong,51.11735111735112,62.238786104086266,16.100411166414197,61.770738377392895,7.282202030999464,22.319303899999998,114.1693611,Hong Kong,45.363232889511785,9.090909090909092,53.56698563345234
195,Taipei,37.217737217737216,90.58964461599895,94.80631897857606,53.62351868732909,6.480491715660077,25.0329694,121.56541770000001,Taiwan,69.09600560616678,0.0,61.35976214674794
196,Tokyo,48.19234819234819,67.4830294156795,33.04479549880978,72.92616226071104,4.075360769641904,35.6761919,139.65031059999998,Japan,56.01494977808923,18.181818181818183,64.47055601940014
